admin,admin,admin,8c6976e5b5410415bde908bd4dee15dfb167a9c873fc4bb8a81f6f2ab448a918,admin,"2 bd lucien favre"
admission,admission,admission,8c6976e5b5410415bde908bd4dee15dfb167a9c873fc4bb8a81f6f2ab448a918,"Responsable admission"
Louis,Travaux,travauxlou@cy-tech.fr,8c6976e5b5410415bde908bd4dee15dfb167a9c873fc4bb8a81f6f2ab448a918,eleve,"1 chemin de essai"
Baptiste,Hennuy,hennuybapt@cy-tech.fr,8c6976e5b5410415bde908bd4dee15dfb167a9c873fc4bb8a81f6f2ab448a918,eleve
Gabriel-Victor,Dupre,Gabriel-VictorDupre@cy-tech.fr,8c6976e5b5410415bde908bd4dee15dfb167a9c873fc4bb8a81f6f2ab448a918,eleve
Marc,Ribeiro,MarcRibeiro@cy-tech.fr,8c6976e5b5410415bde908bd4dee15dfb167a9c873fc4bb8a81f6f2ab448a918,eleve
Susan,Sauvage,SusanSauvage@cy-tech.fr,8c6976e5b5410415bde908bd4dee15dfb167a9c873fc4bb8a81f6f2ab448a918,eleve
Denis-Adrien,Alves,Denis-AdrienAlves@cy-tech.fr,8c6976e5b5410415bde908bd4dee15dfb167a9c873fc4bb8a81f6f2ab448a918,eleve
Michel,Levy,MichelLevy@cy-tech.fr,8c6976e5b5410415bde908bd4dee15dfb167a9c873fc4bb8a81f6f2ab448a918,eleve
Adélaïde,Boulay,AdélaïdeBoulay@cy-tech.fr,8c6976e5b5410415bde908bd4dee15dfb167a9c873fc4bb8a81f6f2ab448a918,eleve
Marthe,Seguin,MartheSeguin@cy-tech.fr,8c6976e5b5410415bde908bd4dee15dfb167a9c873fc4bb8a81f6f2ab448a918,eleve
Noël,Jacquet,NoëlJacquet@cy-tech.fr,8c6976e5b5410415bde908bd4dee15dfb167a9c873fc4bb8a81f6f2ab448a918,eleve
Monique,Mallet,MoniqueMallet@cy-tech.fr,8c6976e5b5410415bde908bd4dee15dfb167a9c873fc4bb8a81f6f2ab448a918,eleve
Charles,Lamy-Besson,CharlesLamy-Besson@cy-tech.fr,8c6976e5b5410415bde908bd4dee15dfb167a9c873fc4bb8a81f6f2ab448a918,eleve
François,Herve,FrançoisHerve@cy-tech.fr,8c6976e5b5410415bde908bd4dee15dfb167a9c873fc4bb8a81f6f2ab448a918,eleve
Marine,Hamel,MarineHamel@cy-tech.fr,8c6976e5b5410415bde908bd4dee15dfb167a9c873fc4bb8a81f6f2ab448a918,eleve
Caroline,Marie,CarolineMarie@cy-tech.fr,8c6976e5b5410415bde908bd4dee15dfb167a9c873fc4bb8a81f6f2ab448a918,eleve
Jeannine,Lemaitre,JeannineLemaitre@cy-tech.fr,8c6976e5b5410415bde908bd4dee15dfb167a9c873fc4bb8a81f6f2ab448a918,eleve
Joséphine,Humbert,JoséphineHumbert@cy-tech.fr,8c6976e5b5410415bde908bd4dee15dfb167a9c873fc4bb8a81f6f2ab448a918,eleve
Benoît,Lenoir,BenoîtLenoir@cy-tech.fr,8c6976e5b5410415bde908bd4dee15dfb167a9c873fc4bb8a81f6f2ab448a918,eleve
Pénélope,Marty,PénélopeMarty@cy-tech.fr,8c6976e5b5410415bde908bd4dee15dfb167a9c873fc4bb8a81f6f2ab448a918,eleve
Alfred,Ramos,AlfredRamos@cy-tech.fr,8c6976e5b5410415bde908bd4dee15dfb167a9c873fc4bb8a81f6f2ab448a918,eleve
Philippine,Normand,PhilippineNormand@cy-tech.fr,8c6976e5b5410415bde908bd4dee15dfb167a9c873fc4bb8a81f6f2ab448a918,eleve
Luc,Dufour-Gallet,LucDufour-Gallet@cy-tech.fr,8c6976e5b5410415bde908bd4dee15dfb167a9c873fc4bb8a81f6f2ab448a918,eleve
Corinne,Gros,CorinneGros@cy-tech.fr,8c6976e5b5410415bde908bd4dee15dfb167a9c873fc4bb8a81f6f2ab448a918,eleve
Isabelle,Dijoux,IsabelleDijoux@cy-tech.fr,8c6976e5b5410415bde908bd4dee15dfb167a9c873fc4bb8a81f6f2ab448a918,eleve
Dominique,Gaillard,DominiqueGaillard@cy-tech.fr,8c6976e5b5410415bde908bd4dee15dfb167a9c873fc4bb8a81f6f2ab448a918,eleve
Pénélope,Ribeiro,PénélopeRibeiro@cy-tech.fr,8c6976e5b5410415bde908bd4dee15dfb167a9c873fc4bb8a81f6f2ab448a918,eleve
Zacharie,Marchal,ZacharieMarchal@cy-tech.fr,8c6976e5b5410415bde908bd4dee15dfb167a9c873fc4bb8a81f6f2ab448a918,eleve
Marc,Guillou,MarcGuillou@cy-tech.fr,8c6976e5b5410415bde908bd4dee15dfb167a9c873fc4bb8a81f6f2ab448a918,eleve
Benjamin,Masson,BenjaminMasson@cy-tech.fr,8c6976e5b5410415bde908bd4dee15dfb167a9c873fc4bb8a81f6f2ab448a918,eleve
Georges,Bonnet,GeorgesBonnet@cy-tech.fr,8c6976e5b5410415bde908bd4dee15dfb167a9c873fc4bb8a81f6f2ab448a918,eleve
Jérôme,Foucher,JérômeFoucher@cy-tech.fr,8c6976e5b5410415bde908bd4dee15dfb167a9c873fc4bb8a81f6f2ab448a918,eleve
Emmanuelle,Faure,EmmanuelleFaure@cy-tech.fr,8c6976e5b5410415bde908bd4dee15dfb167a9c873fc4bb8a81f6f2ab448a918,eleve
David,Louis,DavidLouis@cy-tech.fr,8c6976e5b5410415bde908bd4dee15dfb167a9c873fc4bb8a81f6f2ab448a918,eleve
Andrée,Rocher,AndréeRocher@cy-tech.fr,8c6976e5b5410415bde908bd4dee15dfb167a9c873fc4bb8a81f6f2ab448a918,eleve
Gérard,Guerin,GérardGuerin@cy-tech.fr,8c6976e5b5410415bde908bd4dee15dfb167a9c873fc4bb8a81f6f2ab448a918,eleve
Caroline,Bailly,CarolineBailly@cy-tech.fr,8c6976e5b5410415bde908bd4dee15dfb167a9c873fc4bb8a81f6f2ab448a918,eleve
Christelle,Lucas,ChristelleLucas@cy-tech.fr,8c6976e5b5410415bde908bd4dee15dfb167a9c873fc4bb8a81f6f2ab448a918,eleve
Hugues,Morel,HuguesMorel@cy-tech.fr,8c6976e5b5410415bde908bd4dee15dfb167a9c873fc4bb8a81f6f2ab448a918,eleve
Thibault-Charles,Blanc,Thibault-CharlesBlanc@cy-tech.fr,8c6976e5b5410415bde908bd4dee15dfb167a9c873fc4bb8a81f6f2ab448a918,eleve
Étienne-Gilbert,Allard,Étienne-GilbertAllard@cy-tech.fr,8c6976e5b5410415bde908bd4dee15dfb167a9c873fc4bb8a81f6f2ab448a918,eleve
Zacharie,Bernard,ZacharieBernard@cy-tech.fr,8c6976e5b5410415bde908bd4dee15dfb167a9c873fc4bb8a81f6f2ab448a918,eleve
daisy,Lopez,daisyLopez@cy-tech.fr,8c6976e5b5410415bde908bd4dee15dfb167a9c873fc4bb8a81f6f2ab448a918,eleve
Émile-Olivier,Legendre,Émile-OlivierLegendre@cy-tech.fr,8c6976e5b5410415bde908bd4dee15dfb167a9c873fc4bb8a81f6f2ab448a918,eleve
Claire,Leclerc,ClaireLeclerc@cy-tech.fr,8c6976e5b5410415bde908bd4dee15dfb167a9c873fc4bb8a81f6f2ab448a918,eleve
Raymond,Bonnet,RaymondBonnet@cy-tech.fr,8c6976e5b5410415bde908bd4dee15dfb167a9c873fc4bb8a81f6f2ab448a918,eleve
Clémence,Leblanc,ClémenceLeblanc@cy-tech.fr,8c6976e5b5410415bde908bd4dee15dfb167a9c873fc4bb8a81f6f2ab448a918,eleve
Gilbert,Marin,GilbertMarin@cy-tech.fr,8c6976e5b5410415bde908bd4dee15dfb167a9c873fc4bb8a81f6f2ab448a918,eleve
Noémi,Humbert-Barbe,NoémiHumbert-Barbe@cy-tech.fr,8c6976e5b5410415bde908bd4dee15dfb167a9c873fc4bb8a81f6f2ab448a918,eleve
Étienne,de,Étiennede@cy-tech.fr,8c6976e5b5410415bde908bd4dee15dfb167a9c873fc4bb8a81f6f2ab448a918,eleve
Philippine,de,Philippinede@cy-tech.fr,8c6976e5b5410415bde908bd4dee15dfb167a9c873fc4bb8a81f6f2ab448a918,eleve
Juliette,Thibault,JulietteThibault@cy-tech.fr,8c6976e5b5410415bde908bd4dee15dfb167a9c873fc4bb8a81f6f2ab448a918,eleve
François,de,Françoisde@cy-tech.fr,8c6976e5b5410415bde908bd4dee15dfb167a9c873fc4bb8a81f6f2ab448a918,eleve
Léon,du,Léondu@cy-tech.fr,8c6976e5b5410415bde908bd4dee15dfb167a9c873fc4bb8a81f6f2ab448a918,eleve
Maurice,Alves,MauriceAlves@cy-tech.fr,8c6976e5b5410415bde908bd4dee15dfb167a9c873fc4bb8a81f6f2ab448a918,eleve
Marie,Blanc,MarieBlanc@cy-tech.fr,8c6976e5b5410415bde908bd4dee15dfb167a9c873fc4bb8a81f6f2ab448a918,eleve
Denise-Alexandrie,Clement,Denise-AlexandrieClement@cy-tech.fr,8c6976e5b5410415bde908bd4dee15dfb167a9c873fc4bb8a81f6f2ab448a918,eleve
Luc,Ribeiro,LucRibeiro@cy-tech.fr,8c6976e5b5410415bde908bd4dee15dfb167a9c873fc4bb8a81f6f2ab448a918,eleve
Charlotte,du,Charlottedu@cy-tech.fr,8c6976e5b5410415bde908bd4dee15dfb167a9c873fc4bb8a81f6f2ab448a918,eleve
Michèle,du,Michèledu@cy-tech.fr,8c6976e5b5410415bde908bd4dee15dfb167a9c873fc4bb8a81f6f2ab448a918,eleve
Hortense,Maillet,HortenseMaillet@cy-tech.fr,8c6976e5b5410415bde908bd4dee15dfb167a9c873fc4bb8a81f6f2ab448a918,eleve
Françoise,Chauveau,FrançoiseChauveau@cy-tech.fr,8c6976e5b5410415bde908bd4dee15dfb167a9c873fc4bb8a81f6f2ab448a918,eleve
Jeanne,Le,JeanneLe@cy-tech.fr,8c6976e5b5410415bde908bd4dee15dfb167a9c873fc4bb8a81f6f2ab448a918,eleve
Louis,Giraud,LouisGiraud@cy-tech.fr,8c6976e5b5410415bde908bd4dee15dfb167a9c873fc4bb8a81f6f2ab448a918,eleve
Hugues,Lemaire,HuguesLemaire@cy-tech.fr,8c6976e5b5410415bde908bd4dee15dfb167a9c873fc4bb8a81f6f2ab448a918,eleve
Yves,Roy-Perret,YvesRoy-Perret@cy-tech.fr,8c6976e5b5410415bde908bd4dee15dfb167a9c873fc4bb8a81f6f2ab448a918,eleve
Isaac,Riou,IsaacRiou@cy-tech.fr,8c6976e5b5410415bde908bd4dee15dfb167a9c873fc4bb8a81f6f2ab448a918,eleve
Daniel,Mace-Carre,DanielMace-Carre@cy-tech.fr,8c6976e5b5410415bde908bd4dee15dfb167a9c873fc4bb8a81f6f2ab448a918,eleve
Laurence,Normand,LaurenceNormand@cy-tech.fr,8c6976e5b5410415bde908bd4dee15dfb167a9c873fc4bb8a81f6f2ab448a918,eleve
Antoine,Etienne,AntoineEtienne@cy-tech.fr,8c6976e5b5410415bde908bd4dee15dfb167a9c873fc4bb8a81f6f2ab448a918,eleve
Éric,Le,ÉricLe@cy-tech.fr,8c6976e5b5410415bde908bd4dee15dfb167a9c873fc4bb8a81f6f2ab448a918,eleve
Lucas,Rolland,LucasRolland@cy-tech.fr,8c6976e5b5410415bde908bd4dee15dfb167a9c873fc4bb8a81f6f2ab448a918,eleve
Frédérique,Barre-Vallee,FrédériqueBarre-Vallee@cy-tech.fr,8c6976e5b5410415bde908bd4dee15dfb167a9c873fc4bb8a81f6f2ab448a918,eleve
Laurence,Bailly,LaurenceBailly@cy-tech.fr,8c6976e5b5410415bde908bd4dee15dfb167a9c873fc4bb8a81f6f2ab448a918,eleve
Noémi,Evrard,NoémiEvrard@cy-tech.fr,8c6976e5b5410415bde908bd4dee15dfb167a9c873fc4bb8a81f6f2ab448a918,eleve
Thibault,Faivre,ThibaultFaivre@cy-tech.fr,8c6976e5b5410415bde908bd4dee15dfb167a9c873fc4bb8a81f6f2ab448a918,eleve
Suzanne,de,Suzannede@cy-tech.fr,8c6976e5b5410415bde908bd4dee15dfb167a9c873fc4bb8a81f6f2ab448a918,eleve
Eugène,Dumas,EugèneDumas@cy-tech.fr,8c6976e5b5410415bde908bd4dee15dfb167a9c873fc4bb8a81f6f2ab448a918,eleve
Michelle,Vidal,MichelleVidal@cy-tech.fr,8c6976e5b5410415bde908bd4dee15dfb167a9c873fc4bb8a81f6f2ab448a918,eleve
René,Gomez,RenéGomez@cy-tech.fr,8c6976e5b5410415bde908bd4dee15dfb167a9c873fc4bb8a81f6f2ab448a918,eleve
Denise,Lebreton,DeniseLebreton@cy-tech.fr,8c6976e5b5410415bde908bd4dee15dfb167a9c873fc4bb8a81f6f2ab448a918,eleve
David,Godard-Clerc,DavidGodard-Clerc@cy-tech.fr,8c6976e5b5410415bde908bd4dee15dfb167a9c873fc4bb8a81f6f2ab448a918,eleve
François,Leroux,FrançoisLeroux@cy-tech.fr,8c6976e5b5410415bde908bd4dee15dfb167a9c873fc4bb8a81f6f2ab448a918,eleve
Célina,Cordier,CélinaCordier@cy-tech.fr,8c6976e5b5410415bde908bd4dee15dfb167a9c873fc4bb8a81f6f2ab448a918,eleve
Marcelle,Turpin,MarcelleTurpin@cy-tech.fr,8c6976e5b5410415bde908bd4dee15dfb167a9c873fc4bb8a81f6f2ab448a918,eleve
Benjamin,Guillou,BenjaminGuillou@cy-tech.fr,8c6976e5b5410415bde908bd4dee15dfb167a9c873fc4bb8a81f6f2ab448a918,eleve
Lucas,Renault-Jean,LucasRenault-Jean@cy-tech.fr,8c6976e5b5410415bde908bd4dee15dfb167a9c873fc4bb8a81f6f2ab448a918,eleve
Gabriel,du,Gabrieldu@cy-tech.fr,8c6976e5b5410415bde908bd4dee15dfb167a9c873fc4bb8a81f6f2ab448a918,eleve
Anaïs,de,Anaïsde@cy-tech.fr,8c6976e5b5410415bde908bd4dee15dfb167a9c873fc4bb8a81f6f2ab448a918,eleve
Agathe,Techer,AgatheTecher@cy-tech.fr,8c6976e5b5410415bde908bd4dee15dfb167a9c873fc4bb8a81f6f2ab448a918,eleve
Étienne,du,Étiennedu@cy-tech.fr,8c6976e5b5410415bde908bd4dee15dfb167a9c873fc4bb8a81f6f2ab448a918,eleve
Andrée,Richard,AndréeRichard@cy-tech.fr,8c6976e5b5410415bde908bd4dee15dfb167a9c873fc4bb8a81f6f2ab448a918,eleve
Antoinette,Chevallier,AntoinetteChevallier@cy-tech.fr,8c6976e5b5410415bde908bd4dee15dfb167a9c873fc4bb8a81f6f2ab448a918,eleve
Alphonse,Le,AlphonseLe@cy-tech.fr,8c6976e5b5410415bde908bd4dee15dfb167a9c873fc4bb8a81f6f2ab448a918,eleve
Lucas,Maillard,LucasMaillard@cy-tech.fr,8c6976e5b5410415bde908bd4dee15dfb167a9c873fc4bb8a81f6f2ab448a918,eleve
André,Leleu,AndréLeleu@cy-tech.fr,8c6976e5b5410415bde908bd4dee15dfb167a9c873fc4bb8a81f6f2ab448a918,eleve
Emmanuel,Riou,EmmanuelRiou@cy-tech.fr,8c6976e5b5410415bde908bd4dee15dfb167a9c873fc4bb8a81f6f2ab448a918,eleve
David,Lesage,DavidLesage@cy-tech.fr,8c6976e5b5410415bde908bd4dee15dfb167a9c873fc4bb8a81f6f2ab448a918,eleve
Grégoire,Dubois,GrégoireDubois@cy-tech.fr,8c6976e5b5410415bde908bd4dee15dfb167a9c873fc4bb8a81f6f2ab448a918,eleve
Paulette,Leclercq,PauletteLeclercq@cy-tech.fr,8c6976e5b5410415bde908bd4dee15dfb167a9c873fc4bb8a81f6f2ab448a918,eleve
Thierry,Faure,ThierryFaure@cy-tech.fr,8c6976e5b5410415bde908bd4dee15dfb167a9c873fc4bb8a81f6f2ab448a918,eleve
Pierre,Boyer,PierreBoyer@cy-tech.fr,8c6976e5b5410415bde908bd4dee15dfb167a9c873fc4bb8a81f6f2ab448a918,eleve
Éric,Benard-Charpentier,ÉricBenard-Charpentier@cy-tech.fr,8c6976e5b5410415bde908bd4dee15dfb167a9c873fc4bb8a81f6f2ab448a918,eleve
Marcelle,Gauthier-Martineau,MarcelleGauthier-Martineau@cy-tech.fr,8c6976e5b5410415bde908bd4dee15dfb167a9c873fc4bb8a81f6f2ab448a918,eleve
Christiane,Delmas,ChristianeDelmas@cy-tech.fr,8c6976e5b5410415bde908bd4dee15dfb167a9c873fc4bb8a81f6f2ab448a918,eleve
Corinne,Cousin,CorinneCousin@cy-tech.fr,8c6976e5b5410415bde908bd4dee15dfb167a9c873fc4bb8a81f6f2ab448a918,eleve
William,du,Williamdu@cy-tech.fr,8c6976e5b5410415bde908bd4dee15dfb167a9c873fc4bb8a81f6f2ab448a918,eleve
Renée,Maurice,RenéeMaurice@cy-tech.fr,8c6976e5b5410415bde908bd4dee15dfb167a9c873fc4bb8a81f6f2ab448a918,eleve
Zacharie,Weber,ZacharieWeber@cy-tech.fr,8c6976e5b5410415bde908bd4dee15dfb167a9c873fc4bb8a81f6f2ab448a918,eleve
Louis,Rousseau,LouisRousseau@cy-tech.fr,8c6976e5b5410415bde908bd4dee15dfb167a9c873fc4bb8a81f6f2ab448a918,eleve
Philippe,Hamel,PhilippeHamel@cy-tech.fr,8c6976e5b5410415bde908bd4dee15dfb167a9c873fc4bb8a81f6f2ab448a918,eleve
Élise,Mercier,ÉliseMercier@cy-tech.fr,8c6976e5b5410415bde908bd4dee15dfb167a9c873fc4bb8a81f6f2ab448a918,eleve
Bernard,Chauvet,BernardChauvet@cy-tech.fr,8c6976e5b5410415bde908bd4dee15dfb167a9c873fc4bb8a81f6f2ab448a918,eleve
Théodore,Pasquier,ThéodorePasquier@cy-tech.fr,8c6976e5b5410415bde908bd4dee15dfb167a9c873fc4bb8a81f6f2ab448a918,eleve
Adèle,Begue,AdèleBegue@cy-tech.fr,8c6976e5b5410415bde908bd4dee15dfb167a9c873fc4bb8a81f6f2ab448a918,eleve
Adrien,Dumont,AdrienDumont@cy-tech.fr,8c6976e5b5410415bde908bd4dee15dfb167a9c873fc4bb8a81f6f2ab448a918,eleve
Gilbert,Ferrand-Texier,GilbertFerrand-Texier@cy-tech.fr,8c6976e5b5410415bde908bd4dee15dfb167a9c873fc4bb8a81f6f2ab448a918,eleve
Anastasie,Rocher,AnastasieRocher@cy-tech.fr,8c6976e5b5410415bde908bd4dee15dfb167a9c873fc4bb8a81f6f2ab448a918,eleve
Franck,Le,FranckLe@cy-tech.fr,8c6976e5b5410415bde908bd4dee15dfb167a9c873fc4bb8a81f6f2ab448a918,eleve
Michel,Renault,MichelRenault@cy-tech.fr,8c6976e5b5410415bde908bd4dee15dfb167a9c873fc4bb8a81f6f2ab448a918,eleve
Margaud-Laure,Wagner,Margaud-LaureWagner@cy-tech.fr,8c6976e5b5410415bde908bd4dee15dfb167a9c873fc4bb8a81f6f2ab448a918,eleve
David,Ferrand,DavidFerrand@cy-tech.fr,8c6976e5b5410415bde908bd4dee15dfb167a9c873fc4bb8a81f6f2ab448a918,eleve
François,Duhamel,FrançoisDuhamel@cy-tech.fr,8c6976e5b5410415bde908bd4dee15dfb167a9c873fc4bb8a81f6f2ab448a918,eleve
Franck,Blot-Barbier,FranckBlot-Barbier@cy-tech.fr,8c6976e5b5410415bde908bd4dee15dfb167a9c873fc4bb8a81f6f2ab448a918,eleve
Benjamin,Martins,BenjaminMartins@cy-tech.fr,8c6976e5b5410415bde908bd4dee15dfb167a9c873fc4bb8a81f6f2ab448a918,eleve
Hugues,du,Huguesdu@cy-tech.fr,8c6976e5b5410415bde908bd4dee15dfb167a9c873fc4bb8a81f6f2ab448a918,eleve
Joséphine,Pons-Alves,JoséphinePons-Alves@cy-tech.fr,8c6976e5b5410415bde908bd4dee15dfb167a9c873fc4bb8a81f6f2ab448a918,eleve
Diane,Martin,DianeMartin@cy-tech.fr,8c6976e5b5410415bde908bd4dee15dfb167a9c873fc4bb8a81f6f2ab448a918,eleve
Auguste,Fournier,AugusteFournier@cy-tech.fr,8c6976e5b5410415bde908bd4dee15dfb167a9c873fc4bb8a81f6f2ab448a918,eleve
Théodore,Louis,ThéodoreLouis@cy-tech.fr,8c6976e5b5410415bde908bd4dee15dfb167a9c873fc4bb8a81f6f2ab448a918,eleve
Chantal,Joubert,ChantalJoubert@cy-tech.fr,8c6976e5b5410415bde908bd4dee15dfb167a9c873fc4bb8a81f6f2ab448a918,eleve
Inès,Bouvet,InèsBouvet@cy-tech.fr,8c6976e5b5410415bde908bd4dee15dfb167a9c873fc4bb8a81f6f2ab448a918,eleve
Sylvie,Le,SylvieLe@cy-tech.fr,8c6976e5b5410415bde908bd4dee15dfb167a9c873fc4bb8a81f6f2ab448a918,eleve
Anouk-Pénélope,Ollivier,Anouk-PénélopeOllivier@cy-tech.fr,8c6976e5b5410415bde908bd4dee15dfb167a9c873fc4bb8a81f6f2ab448a918,eleve
Olivie,Evrard,OlivieEvrard@cy-tech.fr,8c6976e5b5410415bde908bd4dee15dfb167a9c873fc4bb8a81f6f2ab448a918,eleve
Augustin,Roche,AugustinRoche@cy-tech.fr,8c6976e5b5410415bde908bd4dee15dfb167a9c873fc4bb8a81f6f2ab448a918,eleve
Marcelle,du,Marcelledu@cy-tech.fr,8c6976e5b5410415bde908bd4dee15dfb167a9c873fc4bb8a81f6f2ab448a918,eleve
Antoine,Loiseau,AntoineLoiseau@cy-tech.fr,8c6976e5b5410415bde908bd4dee15dfb167a9c873fc4bb8a81f6f2ab448a918,eleve
Jérôme,Pottier,JérômePottier@cy-tech.fr,8c6976e5b5410415bde908bd4dee15dfb167a9c873fc4bb8a81f6f2ab448a918,eleve
Julie,Lesage,JulieLesage@cy-tech.fr,8c6976e5b5410415bde908bd4dee15dfb167a9c873fc4bb8a81f6f2ab448a918,eleve
Jacques,Guibert,JacquesGuibert@cy-tech.fr,8c6976e5b5410415bde908bd4dee15dfb167a9c873fc4bb8a81f6f2ab448a918,eleve
Paulette-Valérie,Albert,Paulette-ValérieAlbert@cy-tech.fr,8c6976e5b5410415bde908bd4dee15dfb167a9c873fc4bb8a81f6f2ab448a918,eleve
Antoine,Lefort-Letellier,AntoineLefort-Letellier@cy-tech.fr,8c6976e5b5410415bde908bd4dee15dfb167a9c873fc4bb8a81f6f2ab448a918,eleve
Josette,de,Josettede@cy-tech.fr,8c6976e5b5410415bde908bd4dee15dfb167a9c873fc4bb8a81f6f2ab448a918,eleve
Pénélope,Deschamps,PénélopeDeschamps@cy-tech.fr,8c6976e5b5410415bde908bd4dee15dfb167a9c873fc4bb8a81f6f2ab448a918,eleve
Thérèse,Meyer,ThérèseMeyer@cy-tech.fr,8c6976e5b5410415bde908bd4dee15dfb167a9c873fc4bb8a81f6f2ab448a918,eleve
Marcel,Guyot,MarcelGuyot@cy-tech.fr,8c6976e5b5410415bde908bd4dee15dfb167a9c873fc4bb8a81f6f2ab448a918,eleve
Daniel,Bernard,DanielBernard@cy-tech.fr,8c6976e5b5410415bde908bd4dee15dfb167a9c873fc4bb8a81f6f2ab448a918,eleve
Julie,Fernandez,JulieFernandez@cy-tech.fr,8c6976e5b5410415bde908bd4dee15dfb167a9c873fc4bb8a81f6f2ab448a918,eleve
Hugues,Lesage,HuguesLesage@cy-tech.fr,8c6976e5b5410415bde908bd4dee15dfb167a9c873fc4bb8a81f6f2ab448a918,eleve
Zoé,Guibert-Huet,ZoéGuibert-Huet@cy-tech.fr,8c6976e5b5410415bde908bd4dee15dfb167a9c873fc4bb8a81f6f2ab448a918,eleve
Augustin,Gauthier,AugustinGauthier@cy-tech.fr,8c6976e5b5410415bde908bd4dee15dfb167a9c873fc4bb8a81f6f2ab448a918,eleve
Luce,Le,LuceLe@cy-tech.fr,8c6976e5b5410415bde908bd4dee15dfb167a9c873fc4bb8a81f6f2ab448a918,eleve
Stéphane,Boulanger,StéphaneBoulanger@cy-tech.fr,8c6976e5b5410415bde908bd4dee15dfb167a9c873fc4bb8a81f6f2ab448a918,eleve
Alfred,Loiseau,AlfredLoiseau@cy-tech.fr,8c6976e5b5410415bde908bd4dee15dfb167a9c873fc4bb8a81f6f2ab448a918,eleve
Brigitte,Le,BrigitteLe@cy-tech.fr,8c6976e5b5410415bde908bd4dee15dfb167a9c873fc4bb8a81f6f2ab448a918,eleve
Alice,Guillot,AliceGuillot@cy-tech.fr,8c6976e5b5410415bde908bd4dee15dfb167a9c873fc4bb8a81f6f2ab448a918,eleve
Lucy,Le,LucyLe@cy-tech.fr,8c6976e5b5410415bde908bd4dee15dfb167a9c873fc4bb8a81f6f2ab448a918,eleve
Madeleine,Charpentier-Leroux,MadeleineCharpentier-Leroux@cy-tech.fr,8c6976e5b5410415bde908bd4dee15dfb167a9c873fc4bb8a81f6f2ab448a918,eleve
Emmanuel,du,Emmanueldu@cy-tech.fr,8c6976e5b5410415bde908bd4dee15dfb167a9c873fc4bb8a81f6f2ab448a918,eleve
Bernard,de,Bernardde@cy-tech.fr,8c6976e5b5410415bde908bd4dee15dfb167a9c873fc4bb8a81f6f2ab448a918,eleve
Céline,Auger,CélineAuger@cy-tech.fr,8c6976e5b5410415bde908bd4dee15dfb167a9c873fc4bb8a81f6f2ab448a918,eleve
Auguste,Picard,AugustePicard@cy-tech.fr,8c6976e5b5410415bde908bd4dee15dfb167a9c873fc4bb8a81f6f2ab448a918,eleve
Augustin,Allain,AugustinAllain@cy-tech.fr,8c6976e5b5410415bde908bd4dee15dfb167a9c873fc4bb8a81f6f2ab448a918,eleve
Aurore,Pichon,AurorePichon@cy-tech.fr,8c6976e5b5410415bde908bd4dee15dfb167a9c873fc4bb8a81f6f2ab448a918,eleve
Danielle-Joséphine,Bruneau,Danielle-JoséphineBruneau@cy-tech.fr,8c6976e5b5410415bde908bd4dee15dfb167a9c873fc4bb8a81f6f2ab448a918,eleve
Océane,Nguyen,OcéaneNguyen@cy-tech.fr,8c6976e5b5410415bde908bd4dee15dfb167a9c873fc4bb8a81f6f2ab448a918,eleve
Alexandre,Perret,AlexandrePerret@cy-tech.fr,8c6976e5b5410415bde908bd4dee15dfb167a9c873fc4bb8a81f6f2ab448a918,eleve
Gabrielle,Vasseur,GabrielleVasseur@cy-tech.fr,8c6976e5b5410415bde908bd4dee15dfb167a9c873fc4bb8a81f6f2ab448a918,eleve
Pierre,Mary,PierreMary@cy-tech.fr,8c6976e5b5410415bde908bd4dee15dfb167a9c873fc4bb8a81f6f2ab448a918,eleve
Michelle,Guibert,MichelleGuibert@cy-tech.fr,8c6976e5b5410415bde908bd4dee15dfb167a9c873fc4bb8a81f6f2ab448a918,eleve
Marguerite,de,Margueritede@cy-tech.fr,8c6976e5b5410415bde908bd4dee15dfb167a9c873fc4bb8a81f6f2ab448a918,eleve
Victor,Vasseur,VictorVasseur@cy-tech.fr,8c6976e5b5410415bde908bd4dee15dfb167a9c873fc4bb8a81f6f2ab448a918,eleve
Simone-Gabrielle,Bonnet,Simone-GabrielleBonnet@cy-tech.fr,8c6976e5b5410415bde908bd4dee15dfb167a9c873fc4bb8a81f6f2ab448a918,eleve
Adrien-Xavier,Menard,Adrien-XavierMenard@cy-tech.fr,8c6976e5b5410415bde908bd4dee15dfb167a9c873fc4bb8a81f6f2ab448a918,eleve
Marcel,Carlier,MarcelCarlier@cy-tech.fr,8c6976e5b5410415bde908bd4dee15dfb167a9c873fc4bb8a81f6f2ab448a918,eleve
Zacharie,Muller,ZacharieMuller@cy-tech.fr,8c6976e5b5410415bde908bd4dee15dfb167a9c873fc4bb8a81f6f2ab448a918,eleve
Andrée,Mendes,AndréeMendes@cy-tech.fr,8c6976e5b5410415bde908bd4dee15dfb167a9c873fc4bb8a81f6f2ab448a918,eleve
Auguste,Clerc-Maillard,AugusteClerc-Maillard@cy-tech.fr,8c6976e5b5410415bde908bd4dee15dfb167a9c873fc4bb8a81f6f2ab448a918,eleve
Léon,Maillard,LéonMaillard@cy-tech.fr,8c6976e5b5410415bde908bd4dee15dfb167a9c873fc4bb8a81f6f2ab448a918,eleve
Jeanne,Poulain,JeannePoulain@cy-tech.fr,8c6976e5b5410415bde908bd4dee15dfb167a9c873fc4bb8a81f6f2ab448a918,eleve
François,Thomas,FrançoisThomas@cy-tech.fr,8c6976e5b5410415bde908bd4dee15dfb167a9c873fc4bb8a81f6f2ab448a918,eleve
André,Bouvier,AndréBouvier@cy-tech.fr,8c6976e5b5410415bde908bd4dee15dfb167a9c873fc4bb8a81f6f2ab448a918,eleve
Monique,Lecomte,MoniqueLecomte@cy-tech.fr,8c6976e5b5410415bde908bd4dee15dfb167a9c873fc4bb8a81f6f2ab448a918,eleve
Gérard,Dufour,GérardDufour@cy-tech.fr,8c6976e5b5410415bde908bd4dee15dfb167a9c873fc4bb8a81f6f2ab448a918,eleve
William,Andre,WilliamAndre@cy-tech.fr,8c6976e5b5410415bde908bd4dee15dfb167a9c873fc4bb8a81f6f2ab448a918,eleve
Gabriel,Blanchet,GabrielBlanchet@cy-tech.fr,8c6976e5b5410415bde908bd4dee15dfb167a9c873fc4bb8a81f6f2ab448a918,eleve
Frédérique,Maillot-Guyot,FrédériqueMaillot-Guyot@cy-tech.fr,8c6976e5b5410415bde908bd4dee15dfb167a9c873fc4bb8a81f6f2ab448a918,eleve
Gilbert,Deschamps,GilbertDeschamps@cy-tech.fr,8c6976e5b5410415bde908bd4dee15dfb167a9c873fc4bb8a81f6f2ab448a918,eleve
Élisabeth,Blondel,ÉlisabethBlondel@cy-tech.fr,8c6976e5b5410415bde908bd4dee15dfb167a9c873fc4bb8a81f6f2ab448a918,eleve
Henriette-Marthe,Tanguy,Henriette-MartheTanguy@cy-tech.fr,8c6976e5b5410415bde908bd4dee15dfb167a9c873fc4bb8a81f6f2ab448a918,eleve
Daniel,Guillon,DanielGuillon@cy-tech.fr,8c6976e5b5410415bde908bd4dee15dfb167a9c873fc4bb8a81f6f2ab448a918,eleve
Claude,Gimenez,ClaudeGimenez@cy-tech.fr,8c6976e5b5410415bde908bd4dee15dfb167a9c873fc4bb8a81f6f2ab448a918,eleve
Victor,Hubert,VictorHubert@cy-tech.fr,8c6976e5b5410415bde908bd4dee15dfb167a9c873fc4bb8a81f6f2ab448a918,eleve
Astrid,Fischer,AstridFischer@cy-tech.fr,8c6976e5b5410415bde908bd4dee15dfb167a9c873fc4bb8a81f6f2ab448a918,eleve
Philippe,De,PhilippeDe@cy-tech.fr,8c6976e5b5410415bde908bd4dee15dfb167a9c873fc4bb8a81f6f2ab448a918,eleve
Éric,Rousset,ÉricRousset@cy-tech.fr,8c6976e5b5410415bde908bd4dee15dfb167a9c873fc4bb8a81f6f2ab448a918,eleve
Océane,Gauthier,OcéaneGauthier@cy-tech.fr,8c6976e5b5410415bde908bd4dee15dfb167a9c873fc4bb8a81f6f2ab448a918,eleve
Jules,Cohen,JulesCohen@cy-tech.fr,8c6976e5b5410415bde908bd4dee15dfb167a9c873fc4bb8a81f6f2ab448a918,eleve
Patrick,Morin,PatrickMorin@cy-tech.fr,8c6976e5b5410415bde908bd4dee15dfb167a9c873fc4bb8a81f6f2ab448a918,eleve
Augustin,David-Rey,AugustinDavid-Rey@cy-tech.fr,8c6976e5b5410415bde908bd4dee15dfb167a9c873fc4bb8a81f6f2ab448a918,eleve
Dorothée,Albert,DorothéeAlbert@cy-tech.fr,8c6976e5b5410415bde908bd4dee15dfb167a9c873fc4bb8a81f6f2ab448a918,eleve
Christophe-Honoré,Mallet,Christophe-HonoréMallet@cy-tech.fr,8c6976e5b5410415bde908bd4dee15dfb167a9c873fc4bb8a81f6f2ab448a918,eleve
Édouard,Leconte,ÉdouardLeconte@cy-tech.fr,8c6976e5b5410415bde908bd4dee15dfb167a9c873fc4bb8a81f6f2ab448a918,eleve
Dominique,Leclerc,DominiqueLeclerc@cy-tech.fr,8c6976e5b5410415bde908bd4dee15dfb167a9c873fc4bb8a81f6f2ab448a918,eleve
René,Picard,RenéPicard@cy-tech.fr,8c6976e5b5410415bde908bd4dee15dfb167a9c873fc4bb8a81f6f2ab448a918,eleve
Jules,Arnaud,JulesArnaud@cy-tech.fr,8c6976e5b5410415bde908bd4dee15dfb167a9c873fc4bb8a81f6f2ab448a918,eleve
Raymond-Édouard,Coulon,Raymond-ÉdouardCoulon@cy-tech.fr,8c6976e5b5410415bde908bd4dee15dfb167a9c873fc4bb8a81f6f2ab448a918,eleve
Joséphine,Martin,JoséphineMartin@cy-tech.fr,8c6976e5b5410415bde908bd4dee15dfb167a9c873fc4bb8a81f6f2ab448a918,eleve
Nath,du,Nathdu@cy-tech.fr,8c6976e5b5410415bde908bd4dee15dfb167a9c873fc4bb8a81f6f2ab448a918,eleve
Anouk,Fournier,AnoukFournier@cy-tech.fr,8c6976e5b5410415bde908bd4dee15dfb167a9c873fc4bb8a81f6f2ab448a918,eleve
Susan,Benoit,SusanBenoit@cy-tech.fr,8c6976e5b5410415bde908bd4dee15dfb167a9c873fc4bb8a81f6f2ab448a918,eleve
Denis,de,Denisde@cy-tech.fr,8c6976e5b5410415bde908bd4dee15dfb167a9c873fc4bb8a81f6f2ab448a918,eleve
Théodore,Nicolas,ThéodoreNicolas@cy-tech.fr,8c6976e5b5410415bde908bd4dee15dfb167a9c873fc4bb8a81f6f2ab448a918,eleve
Marguerite,Gauthier,MargueriteGauthier@cy-tech.fr,8c6976e5b5410415bde908bd4dee15dfb167a9c873fc4bb8a81f6f2ab448a918,eleve
Stéphane,Ramos,StéphaneRamos@cy-tech.fr,8c6976e5b5410415bde908bd4dee15dfb167a9c873fc4bb8a81f6f2ab448a918,eleve
Margaret,Chauvin,MargaretChauvin@cy-tech.fr,8c6976e5b5410415bde908bd4dee15dfb167a9c873fc4bb8a81f6f2ab448a918,eleve
Philippine-Maryse,Pruvost,Philippine-MarysePruvost@cy-tech.fr,8c6976e5b5410415bde908bd4dee15dfb167a9c873fc4bb8a81f6f2ab448a918,eleve
Rémy,Berger,RémyBerger@cy-tech.fr,8c6976e5b5410415bde908bd4dee15dfb167a9c873fc4bb8a81f6f2ab448a918,eleve
Joseph,Richard,JosephRichard@cy-tech.fr,8c6976e5b5410415bde908bd4dee15dfb167a9c873fc4bb8a81f6f2ab448a918,eleve
Jules,Tanguy,JulesTanguy@cy-tech.fr,8c6976e5b5410415bde908bd4dee15dfb167a9c873fc4bb8a81f6f2ab448a918,eleve
Arthur,Duval,ArthurDuval@cy-tech.fr,8c6976e5b5410415bde908bd4dee15dfb167a9c873fc4bb8a81f6f2ab448a918,eleve
Marine,Alves-Buisson,MarineAlves-Buisson@cy-tech.fr,8c6976e5b5410415bde908bd4dee15dfb167a9c873fc4bb8a81f6f2ab448a918,eleve
Manon,Sauvage,ManonSauvage@cy-tech.fr,8c6976e5b5410415bde908bd4dee15dfb167a9c873fc4bb8a81f6f2ab448a918,eleve
Thibaut,Turpin,ThibautTurpin@cy-tech.fr,8c6976e5b5410415bde908bd4dee15dfb167a9c873fc4bb8a81f6f2ab448a918,eleve
Élodie,Lopes,ÉlodieLopes@cy-tech.fr,8c6976e5b5410415bde908bd4dee15dfb167a9c873fc4bb8a81f6f2ab448a918,eleve
Julie,Perret,JuliePerret@cy-tech.fr,8c6976e5b5410415bde908bd4dee15dfb167a9c873fc4bb8a81f6f2ab448a918,eleve
Gilles,Leleu,GillesLeleu@cy-tech.fr,8c6976e5b5410415bde908bd4dee15dfb167a9c873fc4bb8a81f6f2ab448a918,eleve
Christiane,Gomes,ChristianeGomes@cy-tech.fr,8c6976e5b5410415bde908bd4dee15dfb167a9c873fc4bb8a81f6f2ab448a918,eleve
Théophile,Carre-Charles,ThéophileCarre-Charles@cy-tech.fr,8c6976e5b5410415bde908bd4dee15dfb167a9c873fc4bb8a81f6f2ab448a918,eleve
Emmanuel,de,Emmanuelde@cy-tech.fr,8c6976e5b5410415bde908bd4dee15dfb167a9c873fc4bb8a81f6f2ab448a918,eleve
Alphonse,Gomes,AlphonseGomes@cy-tech.fr,8c6976e5b5410415bde908bd4dee15dfb167a9c873fc4bb8a81f6f2ab448a918,eleve
Benjamin,Rocher,BenjaminRocher@cy-tech.fr,8c6976e5b5410415bde908bd4dee15dfb167a9c873fc4bb8a81f6f2ab448a918,eleve
Colette,Peron,ColettePeron@cy-tech.fr,8c6976e5b5410415bde908bd4dee15dfb167a9c873fc4bb8a81f6f2ab448a918,eleve
Claude,De,ClaudeDe@cy-tech.fr,8c6976e5b5410415bde908bd4dee15dfb167a9c873fc4bb8a81f6f2ab448a918,eleve
Constance,du,Constancedu@cy-tech.fr,8c6976e5b5410415bde908bd4dee15dfb167a9c873fc4bb8a81f6f2ab448a918,eleve
Gilbert,Pottier-Lamy,GilbertPottier-Lamy@cy-tech.fr,8c6976e5b5410415bde908bd4dee15dfb167a9c873fc4bb8a81f6f2ab448a918,eleve
Marianne-Alex,Carlier,Marianne-AlexCarlier@cy-tech.fr,8c6976e5b5410415bde908bd4dee15dfb167a9c873fc4bb8a81f6f2ab448a918,eleve
Adèle,Le,AdèleLe@cy-tech.fr,8c6976e5b5410415bde908bd4dee15dfb167a9c873fc4bb8a81f6f2ab448a918,eleve
Augustin,du,Augustindu@cy-tech.fr,8c6976e5b5410415bde908bd4dee15dfb167a9c873fc4bb8a81f6f2ab448a918,eleve
Jeannine,Henry-Petitjean,JeannineHenry-Petitjean@cy-tech.fr,8c6976e5b5410415bde908bd4dee15dfb167a9c873fc4bb8a81f6f2ab448a918,eleve
Augustin,Laroche,AugustinLaroche@cy-tech.fr,8c6976e5b5410415bde908bd4dee15dfb167a9c873fc4bb8a81f6f2ab448a918,eleve
Denis,Julien,DenisJulien@cy-tech.fr,8c6976e5b5410415bde908bd4dee15dfb167a9c873fc4bb8a81f6f2ab448a918,eleve
Chantal-Alexandria,Riviere,Chantal-AlexandriaRiviere@cy-tech.fr,8c6976e5b5410415bde908bd4dee15dfb167a9c873fc4bb8a81f6f2ab448a918,eleve
Benoît,Le,BenoîtLe@cy-tech.fr,8c6976e5b5410415bde908bd4dee15dfb167a9c873fc4bb8a81f6f2ab448a918,eleve
Alexandrie,Robin,AlexandrieRobin@cy-tech.fr,8c6976e5b5410415bde908bd4dee15dfb167a9c873fc4bb8a81f6f2ab448a918,eleve
Claire,Courtois,ClaireCourtois@cy-tech.fr,8c6976e5b5410415bde908bd4dee15dfb167a9c873fc4bb8a81f6f2ab448a918,eleve
Emmanuelle,Vallee,EmmanuelleVallee@cy-tech.fr,8c6976e5b5410415bde908bd4dee15dfb167a9c873fc4bb8a81f6f2ab448a918,eleve
Bertrand,Jacquot,BertrandJacquot@cy-tech.fr,8c6976e5b5410415bde908bd4dee15dfb167a9c873fc4bb8a81f6f2ab448a918,eleve
Agnès,Torres,AgnèsTorres@cy-tech.fr,8c6976e5b5410415bde908bd4dee15dfb167a9c873fc4bb8a81f6f2ab448a918,eleve
Jean,Le,JeanLe@cy-tech.fr,8c6976e5b5410415bde908bd4dee15dfb167a9c873fc4bb8a81f6f2ab448a918,eleve
Olivier,Valentin,OlivierValentin@cy-tech.fr,8c6976e5b5410415bde908bd4dee15dfb167a9c873fc4bb8a81f6f2ab448a918,eleve
Roger,Dupuis,RogerDupuis@cy-tech.fr,8c6976e5b5410415bde908bd4dee15dfb167a9c873fc4bb8a81f6f2ab448a918,eleve
Madeleine,Loiseau,MadeleineLoiseau@cy-tech.fr,8c6976e5b5410415bde908bd4dee15dfb167a9c873fc4bb8a81f6f2ab448a918,eleve
Frédérique,Hamon,FrédériqueHamon@cy-tech.fr,8c6976e5b5410415bde908bd4dee15dfb167a9c873fc4bb8a81f6f2ab448a918,eleve
Lorraine,Arnaud,LorraineArnaud@cy-tech.fr,8c6976e5b5410415bde908bd4dee15dfb167a9c873fc4bb8a81f6f2ab448a918,eleve
Étienne,Bazin,ÉtienneBazin@cy-tech.fr,8c6976e5b5410415bde908bd4dee15dfb167a9c873fc4bb8a81f6f2ab448a918,eleve
David,de,Davidde@cy-tech.fr,8c6976e5b5410415bde908bd4dee15dfb167a9c873fc4bb8a81f6f2ab448a918,eleve
Laure,Hoarau,LaureHoarau@cy-tech.fr,8c6976e5b5410415bde908bd4dee15dfb167a9c873fc4bb8a81f6f2ab448a918,eleve
Claude,Breton,ClaudeBreton@cy-tech.fr,8c6976e5b5410415bde908bd4dee15dfb167a9c873fc4bb8a81f6f2ab448a918,eleve
Stéphane,Perrot,StéphanePerrot@cy-tech.fr,8c6976e5b5410415bde908bd4dee15dfb167a9c873fc4bb8a81f6f2ab448a918,eleve
Alexandria,Dufour,AlexandriaDufour@cy-tech.fr,8c6976e5b5410415bde908bd4dee15dfb167a9c873fc4bb8a81f6f2ab448a918,eleve
Céline,Marty,CélineMarty@cy-tech.fr,8c6976e5b5410415bde908bd4dee15dfb167a9c873fc4bb8a81f6f2ab448a918,eleve
Joséphine,Monnier,JoséphineMonnier@cy-tech.fr,8c6976e5b5410415bde908bd4dee15dfb167a9c873fc4bb8a81f6f2ab448a918,eleve
Gabrielle,Laine,GabrielleLaine@cy-tech.fr,8c6976e5b5410415bde908bd4dee15dfb167a9c873fc4bb8a81f6f2ab448a918,eleve
Célina,Guibert-Leconte,CélinaGuibert-Leconte@cy-tech.fr,8c6976e5b5410415bde908bd4dee15dfb167a9c873fc4bb8a81f6f2ab448a918,eleve
Thérèse,Gillet,ThérèseGillet@cy-tech.fr,8c6976e5b5410415bde908bd4dee15dfb167a9c873fc4bb8a81f6f2ab448a918,eleve
Jean,Rodriguez,JeanRodriguez@cy-tech.fr,8c6976e5b5410415bde908bd4dee15dfb167a9c873fc4bb8a81f6f2ab448a918,eleve
Margaux-Chantal,Roy,Margaux-ChantalRoy@cy-tech.fr,8c6976e5b5410415bde908bd4dee15dfb167a9c873fc4bb8a81f6f2ab448a918,eleve
Benoît-Nicolas,Loiseau,Benoît-NicolasLoiseau@cy-tech.fr,8c6976e5b5410415bde908bd4dee15dfb167a9c873fc4bb8a81f6f2ab448a918,eleve
Agathe,Le,AgatheLe@cy-tech.fr,8c6976e5b5410415bde908bd4dee15dfb167a9c873fc4bb8a81f6f2ab448a918,eleve
Maurice,Dias,MauriceDias@cy-tech.fr,8c6976e5b5410415bde908bd4dee15dfb167a9c873fc4bb8a81f6f2ab448a918,eleve
Charlotte,Ollivier,CharlotteOllivier@cy-tech.fr,8c6976e5b5410415bde908bd4dee15dfb167a9c873fc4bb8a81f6f2ab448a918,eleve
Anne-Camille,Muller,Anne-CamilleMuller@cy-tech.fr,8c6976e5b5410415bde908bd4dee15dfb167a9c873fc4bb8a81f6f2ab448a918,eleve
Théodore,Henry,ThéodoreHenry@cy-tech.fr,8c6976e5b5410415bde908bd4dee15dfb167a9c873fc4bb8a81f6f2ab448a918,eleve
Diane,de,Dianede@cy-tech.fr,8c6976e5b5410415bde908bd4dee15dfb167a9c873fc4bb8a81f6f2ab448a918,eleve
Eugène,Albert,EugèneAlbert@cy-tech.fr,8c6976e5b5410415bde908bd4dee15dfb167a9c873fc4bb8a81f6f2ab448a918,eleve
Alexandria,Charpentier,AlexandriaCharpentier@cy-tech.fr,8c6976e5b5410415bde908bd4dee15dfb167a9c873fc4bb8a81f6f2ab448a918,eleve
Luc,Voisin,LucVoisin@cy-tech.fr,8c6976e5b5410415bde908bd4dee15dfb167a9c873fc4bb8a81f6f2ab448a918,eleve
Anne,Pons,AnnePons@cy-tech.fr,8c6976e5b5410415bde908bd4dee15dfb167a9c873fc4bb8a81f6f2ab448a918,eleve
Diane,Lebreton,DianeLebreton@cy-tech.fr,8c6976e5b5410415bde908bd4dee15dfb167a9c873fc4bb8a81f6f2ab448a918,eleve
Manon,de,Manonde@cy-tech.fr,8c6976e5b5410415bde908bd4dee15dfb167a9c873fc4bb8a81f6f2ab448a918,eleve
Émile,Poulain,ÉmilePoulain@cy-tech.fr,8c6976e5b5410415bde908bd4dee15dfb167a9c873fc4bb8a81f6f2ab448a918,eleve
Olivie,Legendre,OlivieLegendre@cy-tech.fr,8c6976e5b5410415bde908bd4dee15dfb167a9c873fc4bb8a81f6f2ab448a918,eleve
Laurence,Hebert,LaurenceHebert@cy-tech.fr,8c6976e5b5410415bde908bd4dee15dfb167a9c873fc4bb8a81f6f2ab448a918,eleve
Josette,Weber,JosetteWeber@cy-tech.fr,8c6976e5b5410415bde908bd4dee15dfb167a9c873fc4bb8a81f6f2ab448a918,eleve
Adélaïde,Carlier,AdélaïdeCarlier@cy-tech.fr,8c6976e5b5410415bde908bd4dee15dfb167a9c873fc4bb8a81f6f2ab448a918,eleve
Patricia,Didier,PatriciaDidier@cy-tech.fr,8c6976e5b5410415bde908bd4dee15dfb167a9c873fc4bb8a81f6f2ab448a918,eleve
Suzanne,Chauvet,SuzanneChauvet@cy-tech.fr,8c6976e5b5410415bde908bd4dee15dfb167a9c873fc4bb8a81f6f2ab448a918,eleve
Jérôme,Prevost,JérômePrevost@cy-tech.fr,8c6976e5b5410415bde908bd4dee15dfb167a9c873fc4bb8a81f6f2ab448a918,eleve
Dominique,Lecoq,DominiqueLecoq@cy-tech.fr,8c6976e5b5410415bde908bd4dee15dfb167a9c873fc4bb8a81f6f2ab448a918,eleve
Roger,Bigot,RogerBigot@cy-tech.fr,8c6976e5b5410415bde908bd4dee15dfb167a9c873fc4bb8a81f6f2ab448a918,eleve
Guy,Pottier-Barre,GuyPottier-Barre@cy-tech.fr,8c6976e5b5410415bde908bd4dee15dfb167a9c873fc4bb8a81f6f2ab448a918,eleve
Alphonse,Levy,AlphonseLevy@cy-tech.fr,8c6976e5b5410415bde908bd4dee15dfb167a9c873fc4bb8a81f6f2ab448a918,eleve
Joséphine,Hoareau,JoséphineHoareau@cy-tech.fr,8c6976e5b5410415bde908bd4dee15dfb167a9c873fc4bb8a81f6f2ab448a918,eleve
Jérôme,Delannoy,JérômeDelannoy@cy-tech.fr,8c6976e5b5410415bde908bd4dee15dfb167a9c873fc4bb8a81f6f2ab448a918,eleve
Marguerite,Martineau,MargueriteMartineau@cy-tech.fr,8c6976e5b5410415bde908bd4dee15dfb167a9c873fc4bb8a81f6f2ab448a918,eleve
Frédéric,Lambert,FrédéricLambert@cy-tech.fr,8c6976e5b5410415bde908bd4dee15dfb167a9c873fc4bb8a81f6f2ab448a918,eleve
Gérard,Albert,GérardAlbert@cy-tech.fr,8c6976e5b5410415bde908bd4dee15dfb167a9c873fc4bb8a81f6f2ab448a918,eleve
Thérèse,Valette-Raymond,ThérèseValette-Raymond@cy-tech.fr,8c6976e5b5410415bde908bd4dee15dfb167a9c873fc4bb8a81f6f2ab448a918,eleve
Xavier,Leclerc-Dupont,XavierLeclerc-Dupont@cy-tech.fr,8c6976e5b5410415bde908bd4dee15dfb167a9c873fc4bb8a81f6f2ab448a918,eleve
Franck,Gonzalez,FranckGonzalez@cy-tech.fr,8c6976e5b5410415bde908bd4dee15dfb167a9c873fc4bb8a81f6f2ab448a918,eleve
Frédérique,Guilbert,FrédériqueGuilbert@cy-tech.fr,8c6976e5b5410415bde908bd4dee15dfb167a9c873fc4bb8a81f6f2ab448a918,eleve
Margot,Aubert,MargotAubert@cy-tech.fr,8c6976e5b5410415bde908bd4dee15dfb167a9c873fc4bb8a81f6f2ab448a918,eleve
Robert,de,Robertde@cy-tech.fr,8c6976e5b5410415bde908bd4dee15dfb167a9c873fc4bb8a81f6f2ab448a918,eleve
Adélaïde,Menard-Perrier,AdélaïdeMenard-Perrier@cy-tech.fr,8c6976e5b5410415bde908bd4dee15dfb167a9c873fc4bb8a81f6f2ab448a918,eleve
Henri,Pasquier-Pierre,HenriPasquier-Pierre@cy-tech.fr,8c6976e5b5410415bde908bd4dee15dfb167a9c873fc4bb8a81f6f2ab448a918,eleve
Nath,Rolland,NathRolland@cy-tech.fr,8c6976e5b5410415bde908bd4dee15dfb167a9c873fc4bb8a81f6f2ab448a918,eleve
Alexandrie,Sanchez,AlexandrieSanchez@cy-tech.fr,8c6976e5b5410415bde908bd4dee15dfb167a9c873fc4bb8a81f6f2ab448a918,eleve
Martin,Masson,MartinMasson@cy-tech.fr,8c6976e5b5410415bde908bd4dee15dfb167a9c873fc4bb8a81f6f2ab448a918,eleve
André,Ramos,AndréRamos@cy-tech.fr,8c6976e5b5410415bde908bd4dee15dfb167a9c873fc4bb8a81f6f2ab448a918,eleve
Adrienne,Pinto,AdriennePinto@cy-tech.fr,8c6976e5b5410415bde908bd4dee15dfb167a9c873fc4bb8a81f6f2ab448a918,eleve
Alain,Hernandez,AlainHernandez@cy-tech.fr,8c6976e5b5410415bde908bd4dee15dfb167a9c873fc4bb8a81f6f2ab448a918,eleve
Véronique,Techer,VéroniqueTecher@cy-tech.fr,8c6976e5b5410415bde908bd4dee15dfb167a9c873fc4bb8a81f6f2ab448a918,eleve
Thibaut,de,Thibautde@cy-tech.fr,8c6976e5b5410415bde908bd4dee15dfb167a9c873fc4bb8a81f6f2ab448a918,eleve
Mathilde,Camus,MathildeCamus@cy-tech.fr,8c6976e5b5410415bde908bd4dee15dfb167a9c873fc4bb8a81f6f2ab448a918,eleve
Simone,Marty,SimoneMarty@cy-tech.fr,8c6976e5b5410415bde908bd4dee15dfb167a9c873fc4bb8a81f6f2ab448a918,eleve
Geneviève,Hoarau,GenevièveHoarau@cy-tech.fr,8c6976e5b5410415bde908bd4dee15dfb167a9c873fc4bb8a81f6f2ab448a918,eleve
Daniel,Mallet,DanielMallet@cy-tech.fr,8c6976e5b5410415bde908bd4dee15dfb167a9c873fc4bb8a81f6f2ab448a918,eleve
Olivie-Philippine,Diallo,Olivie-PhilippineDiallo@cy-tech.fr,8c6976e5b5410415bde908bd4dee15dfb167a9c873fc4bb8a81f6f2ab448a918,eleve
Agnès,de,Agnèsde@cy-tech.fr,8c6976e5b5410415bde908bd4dee15dfb167a9c873fc4bb8a81f6f2ab448a918,eleve
Jérôme,Pichon,JérômePichon@cy-tech.fr,8c6976e5b5410415bde908bd4dee15dfb167a9c873fc4bb8a81f6f2ab448a918,eleve
Édouard,Nicolas,ÉdouardNicolas@cy-tech.fr,8c6976e5b5410415bde908bd4dee15dfb167a9c873fc4bb8a81f6f2ab448a918,eleve
Zacharie,Loiseau,ZacharieLoiseau@cy-tech.fr,8c6976e5b5410415bde908bd4dee15dfb167a9c873fc4bb8a81f6f2ab448a918,eleve
Suzanne,Lebon,SuzanneLebon@cy-tech.fr,8c6976e5b5410415bde908bd4dee15dfb167a9c873fc4bb8a81f6f2ab448a918,eleve
Océane,Guyon-Dumont,OcéaneGuyon-Dumont@cy-tech.fr,8c6976e5b5410415bde908bd4dee15dfb167a9c873fc4bb8a81f6f2ab448a918,eleve
René,Simon,RenéSimon@cy-tech.fr,8c6976e5b5410415bde908bd4dee15dfb167a9c873fc4bb8a81f6f2ab448a918,eleve
Alexandre,Lambert,AlexandreLambert@cy-tech.fr,8c6976e5b5410415bde908bd4dee15dfb167a9c873fc4bb8a81f6f2ab448a918,eleve
Frédéric,Pages,FrédéricPages@cy-tech.fr,8c6976e5b5410415bde908bd4dee15dfb167a9c873fc4bb8a81f6f2ab448a918,eleve
Bernadette,Le,BernadetteLe@cy-tech.fr,8c6976e5b5410415bde908bd4dee15dfb167a9c873fc4bb8a81f6f2ab448a918,eleve
Daniel,Perrier,DanielPerrier@cy-tech.fr,8c6976e5b5410415bde908bd4dee15dfb167a9c873fc4bb8a81f6f2ab448a918,eleve
Daniel-Bernard,Arnaud,Daniel-BernardArnaud@cy-tech.fr,8c6976e5b5410415bde908bd4dee15dfb167a9c873fc4bb8a81f6f2ab448a918,eleve
Capucine,Bertrand,CapucineBertrand@cy-tech.fr,8c6976e5b5410415bde908bd4dee15dfb167a9c873fc4bb8a81f6f2ab448a918,eleve
Antoine,Dupont,AntoineDupont@cy-tech.fr,8c6976e5b5410415bde908bd4dee15dfb167a9c873fc4bb8a81f6f2ab448a918,eleve
Thierry,Roux,ThierryRoux@cy-tech.fr,8c6976e5b5410415bde908bd4dee15dfb167a9c873fc4bb8a81f6f2ab448a918,eleve
Édith,Fischer,ÉdithFischer@cy-tech.fr,8c6976e5b5410415bde908bd4dee15dfb167a9c873fc4bb8a81f6f2ab448a918,eleve
Alain-Thibault,Cordier,Alain-ThibaultCordier@cy-tech.fr,8c6976e5b5410415bde908bd4dee15dfb167a9c873fc4bb8a81f6f2ab448a918,eleve
Victoire,Guichard,VictoireGuichard@cy-tech.fr,8c6976e5b5410415bde908bd4dee15dfb167a9c873fc4bb8a81f6f2ab448a918,eleve
Michel,Laroche,MichelLaroche@cy-tech.fr,8c6976e5b5410415bde908bd4dee15dfb167a9c873fc4bb8a81f6f2ab448a918,eleve
Hélène,Courtois,HélèneCourtois@cy-tech.fr,8c6976e5b5410415bde908bd4dee15dfb167a9c873fc4bb8a81f6f2ab448a918,eleve
Charlotte,Le,CharlotteLe@cy-tech.fr,8c6976e5b5410415bde908bd4dee15dfb167a9c873fc4bb8a81f6f2ab448a918,eleve
Laetitia,Rodrigues,LaetitiaRodrigues@cy-tech.fr,8c6976e5b5410415bde908bd4dee15dfb167a9c873fc4bb8a81f6f2ab448a918,eleve
Lucie,Lefebvre,LucieLefebvre@cy-tech.fr,8c6976e5b5410415bde908bd4dee15dfb167a9c873fc4bb8a81f6f2ab448a918,eleve
daisy,de,daisyde@cy-tech.fr,8c6976e5b5410415bde908bd4dee15dfb167a9c873fc4bb8a81f6f2ab448a918,eleve
Léon,Allain,LéonAllain@cy-tech.fr,8c6976e5b5410415bde908bd4dee15dfb167a9c873fc4bb8a81f6f2ab448a918,eleve
Virginie-Constance,Courtois,Virginie-ConstanceCourtois@cy-tech.fr,8c6976e5b5410415bde908bd4dee15dfb167a9c873fc4bb8a81f6f2ab448a918,eleve
Lucas,Morvan,LucasMorvan@cy-tech.fr,8c6976e5b5410415bde908bd4dee15dfb167a9c873fc4bb8a81f6f2ab448a918,eleve
Simone,Ollivier,SimoneOllivier@cy-tech.fr,8c6976e5b5410415bde908bd4dee15dfb167a9c873fc4bb8a81f6f2ab448a918,eleve
Patricia,Guerin,PatriciaGuerin@cy-tech.fr,8c6976e5b5410415bde908bd4dee15dfb167a9c873fc4bb8a81f6f2ab448a918,eleve
Alexandria,Delaunay,AlexandriaDelaunay@cy-tech.fr,8c6976e5b5410415bde908bd4dee15dfb167a9c873fc4bb8a81f6f2ab448a918,eleve
Antoine-Nicolas,Morel,Antoine-NicolasMorel@cy-tech.fr,8c6976e5b5410415bde908bd4dee15dfb167a9c873fc4bb8a81f6f2ab448a918,eleve
Inès,Costa,InèsCosta@cy-tech.fr,8c6976e5b5410415bde908bd4dee15dfb167a9c873fc4bb8a81f6f2ab448a918,eleve
Franck,Bernard,FranckBernard@cy-tech.fr,8c6976e5b5410415bde908bd4dee15dfb167a9c873fc4bb8a81f6f2ab448a918,eleve
Agnès,Blanchard,AgnèsBlanchard@cy-tech.fr,8c6976e5b5410415bde908bd4dee15dfb167a9c873fc4bb8a81f6f2ab448a918,eleve
Marine,Martel,MarineMartel@cy-tech.fr,8c6976e5b5410415bde908bd4dee15dfb167a9c873fc4bb8a81f6f2ab448a918,eleve
Sébastien,Chauvin,SébastienChauvin@cy-tech.fr,8c6976e5b5410415bde908bd4dee15dfb167a9c873fc4bb8a81f6f2ab448a918,eleve
Alexandre,Garcia,AlexandreGarcia@cy-tech.fr,8c6976e5b5410415bde908bd4dee15dfb167a9c873fc4bb8a81f6f2ab448a918,eleve
Eugène,du,Eugènedu@cy-tech.fr,8c6976e5b5410415bde908bd4dee15dfb167a9c873fc4bb8a81f6f2ab448a918,eleve
Claude,Benoit,ClaudeBenoit@cy-tech.fr,8c6976e5b5410415bde908bd4dee15dfb167a9c873fc4bb8a81f6f2ab448a918,eleve
Dorothée,Pottier,DorothéePottier@cy-tech.fr,8c6976e5b5410415bde908bd4dee15dfb167a9c873fc4bb8a81f6f2ab448a918,eleve
Stéphanie,du,Stéphaniedu@cy-tech.fr,8c6976e5b5410415bde908bd4dee15dfb167a9c873fc4bb8a81f6f2ab448a918,eleve
François,Bernard,FrançoisBernard@cy-tech.fr,8c6976e5b5410415bde908bd4dee15dfb167a9c873fc4bb8a81f6f2ab448a918,eleve
Corinne,Humbert,CorinneHumbert@cy-tech.fr,8c6976e5b5410415bde908bd4dee15dfb167a9c873fc4bb8a81f6f2ab448a918,eleve
Charlotte,Lelievre,CharlotteLelievre@cy-tech.fr,8c6976e5b5410415bde908bd4dee15dfb167a9c873fc4bb8a81f6f2ab448a918,eleve
Olivie-Amélie,Imbert,Olivie-AmélieImbert@cy-tech.fr,8c6976e5b5410415bde908bd4dee15dfb167a9c873fc4bb8a81f6f2ab448a918,eleve
Maurice,Guillou,MauriceGuillou@cy-tech.fr,8c6976e5b5410415bde908bd4dee15dfb167a9c873fc4bb8a81f6f2ab448a918,eleve
Laurence,Meunier,LaurenceMeunier@cy-tech.fr,8c6976e5b5410415bde908bd4dee15dfb167a9c873fc4bb8a81f6f2ab448a918,eleve
Marguerite,Denis,MargueriteDenis@cy-tech.fr,8c6976e5b5410415bde908bd4dee15dfb167a9c873fc4bb8a81f6f2ab448a918,eleve
Charlotte,Marchal,CharlotteMarchal@cy-tech.fr,8c6976e5b5410415bde908bd4dee15dfb167a9c873fc4bb8a81f6f2ab448a918,eleve
Thierry,Colin,ThierryColin@cy-tech.fr,8c6976e5b5410415bde908bd4dee15dfb167a9c873fc4bb8a81f6f2ab448a918,eleve
Thibault-Olivier,Gerard,Thibault-OlivierGerard@cy-tech.fr,8c6976e5b5410415bde908bd4dee15dfb167a9c873fc4bb8a81f6f2ab448a918,eleve
Étienne,Pons,ÉtiennePons@cy-tech.fr,8c6976e5b5410415bde908bd4dee15dfb167a9c873fc4bb8a81f6f2ab448a918,eleve
Hugues,Pons,HuguesPons@cy-tech.fr,8c6976e5b5410415bde908bd4dee15dfb167a9c873fc4bb8a81f6f2ab448a918,eleve
Hugues,Raynaud,HuguesRaynaud@cy-tech.fr,8c6976e5b5410415bde908bd4dee15dfb167a9c873fc4bb8a81f6f2ab448a918,eleve
Robert,Le,RobertLe@cy-tech.fr,8c6976e5b5410415bde908bd4dee15dfb167a9c873fc4bb8a81f6f2ab448a918,eleve
Louise,Guillet,LouiseGuillet@cy-tech.fr,8c6976e5b5410415bde908bd4dee15dfb167a9c873fc4bb8a81f6f2ab448a918,eleve
Laurent,Bailly-Lebrun,LaurentBailly-Lebrun@cy-tech.fr,8c6976e5b5410415bde908bd4dee15dfb167a9c873fc4bb8a81f6f2ab448a918,eleve
Nicolas-Alexandre,Michel,Nicolas-AlexandreMichel@cy-tech.fr,8c6976e5b5410415bde908bd4dee15dfb167a9c873fc4bb8a81f6f2ab448a918,eleve
Odette,Schmitt,OdetteSchmitt@cy-tech.fr,8c6976e5b5410415bde908bd4dee15dfb167a9c873fc4bb8a81f6f2ab448a918,eleve
René,Aubert,RenéAubert@cy-tech.fr,8c6976e5b5410415bde908bd4dee15dfb167a9c873fc4bb8a81f6f2ab448a918,eleve
Antoine,Grenier,AntoineGrenier@cy-tech.fr,8c6976e5b5410415bde908bd4dee15dfb167a9c873fc4bb8a81f6f2ab448a918,eleve
David,Colas,DavidColas@cy-tech.fr,8c6976e5b5410415bde908bd4dee15dfb167a9c873fc4bb8a81f6f2ab448a918,eleve
François,Colas,FrançoisColas@cy-tech.fr,8c6976e5b5410415bde908bd4dee15dfb167a9c873fc4bb8a81f6f2ab448a918,eleve
Christiane,Le,ChristianeLe@cy-tech.fr,8c6976e5b5410415bde908bd4dee15dfb167a9c873fc4bb8a81f6f2ab448a918,eleve
Anouk,Le,AnoukLe@cy-tech.fr,8c6976e5b5410415bde908bd4dee15dfb167a9c873fc4bb8a81f6f2ab448a918,eleve
Thibault,Lebon,ThibaultLebon@cy-tech.fr,8c6976e5b5410415bde908bd4dee15dfb167a9c873fc4bb8a81f6f2ab448a918,eleve
Richard,Rocher,RichardRocher@cy-tech.fr,8c6976e5b5410415bde908bd4dee15dfb167a9c873fc4bb8a81f6f2ab448a918,eleve
Denise-Valentine,Perrin,Denise-ValentinePerrin@cy-tech.fr,8c6976e5b5410415bde908bd4dee15dfb167a9c873fc4bb8a81f6f2ab448a918,eleve
Élisabeth,Leclerc,ÉlisabethLeclerc@cy-tech.fr,8c6976e5b5410415bde908bd4dee15dfb167a9c873fc4bb8a81f6f2ab448a918,eleve
David,Bouvier,DavidBouvier@cy-tech.fr,8c6976e5b5410415bde908bd4dee15dfb167a9c873fc4bb8a81f6f2ab448a918,eleve
Frédéric,du,Frédéricdu@cy-tech.fr,8c6976e5b5410415bde908bd4dee15dfb167a9c873fc4bb8a81f6f2ab448a918,eleve
Marine,Labbe,MarineLabbe@cy-tech.fr,8c6976e5b5410415bde908bd4dee15dfb167a9c873fc4bb8a81f6f2ab448a918,eleve
Marthe,Charrier-Lelievre,MartheCharrier-Lelievre@cy-tech.fr,8c6976e5b5410415bde908bd4dee15dfb167a9c873fc4bb8a81f6f2ab448a918,eleve
Adélaïde-Antoinette,Pinto,Adélaïde-AntoinettePinto@cy-tech.fr,8c6976e5b5410415bde908bd4dee15dfb167a9c873fc4bb8a81f6f2ab448a918,eleve
Luc-Léon,Bernard,Luc-LéonBernard@cy-tech.fr,8c6976e5b5410415bde908bd4dee15dfb167a9c873fc4bb8a81f6f2ab448a918,eleve
Antoine,Martel,AntoineMartel@cy-tech.fr,8c6976e5b5410415bde908bd4dee15dfb167a9c873fc4bb8a81f6f2ab448a918,eleve
Hortense,Boutin,HortenseBoutin@cy-tech.fr,8c6976e5b5410415bde908bd4dee15dfb167a9c873fc4bb8a81f6f2ab448a918,eleve
Louis,Hoareau,LouisHoareau@cy-tech.fr,8c6976e5b5410415bde908bd4dee15dfb167a9c873fc4bb8a81f6f2ab448a918,eleve
Alexandre,Carre-Diaz,AlexandreCarre-Diaz@cy-tech.fr,8c6976e5b5410415bde908bd4dee15dfb167a9c873fc4bb8a81f6f2ab448a918,eleve
Raymond,Maurice,RaymondMaurice@cy-tech.fr,8c6976e5b5410415bde908bd4dee15dfb167a9c873fc4bb8a81f6f2ab448a918,eleve
Louise,Jourdan,LouiseJourdan@cy-tech.fr,8c6976e5b5410415bde908bd4dee15dfb167a9c873fc4bb8a81f6f2ab448a918,eleve
Georges-Olivier,Picard,Georges-OlivierPicard@cy-tech.fr,8c6976e5b5410415bde908bd4dee15dfb167a9c873fc4bb8a81f6f2ab448a918,eleve
Élise,Durand,ÉliseDurand@cy-tech.fr,8c6976e5b5410415bde908bd4dee15dfb167a9c873fc4bb8a81f6f2ab448a918,eleve
Noël,Morel,NoëlMorel@cy-tech.fr,8c6976e5b5410415bde908bd4dee15dfb167a9c873fc4bb8a81f6f2ab448a918,eleve
Cécile,Poulain,CécilePoulain@cy-tech.fr,8c6976e5b5410415bde908bd4dee15dfb167a9c873fc4bb8a81f6f2ab448a918,eleve
Françoise,Denis,FrançoiseDenis@cy-tech.fr,8c6976e5b5410415bde908bd4dee15dfb167a9c873fc4bb8a81f6f2ab448a918,eleve
Isabelle,Gay,IsabelleGay@cy-tech.fr,8c6976e5b5410415bde908bd4dee15dfb167a9c873fc4bb8a81f6f2ab448a918,eleve
Alix,Lacombe,AlixLacombe@cy-tech.fr,8c6976e5b5410415bde908bd4dee15dfb167a9c873fc4bb8a81f6f2ab448a918,eleve
Thibault,Riou,ThibaultRiou@cy-tech.fr,8c6976e5b5410415bde908bd4dee15dfb167a9c873fc4bb8a81f6f2ab448a918,eleve
Bertrand,Hebert,BertrandHebert@cy-tech.fr,8c6976e5b5410415bde908bd4dee15dfb167a9c873fc4bb8a81f6f2ab448a918,eleve
Adrien,Valentin,AdrienValentin@cy-tech.fr,8c6976e5b5410415bde908bd4dee15dfb167a9c873fc4bb8a81f6f2ab448a918,eleve
Aimée,Lambert,AiméeLambert@cy-tech.fr,8c6976e5b5410415bde908bd4dee15dfb167a9c873fc4bb8a81f6f2ab448a918,eleve
Brigitte,Breton,BrigitteBreton@cy-tech.fr,8c6976e5b5410415bde908bd4dee15dfb167a9c873fc4bb8a81f6f2ab448a918,eleve
